-- ============================================================
-- WMS Seed Data
-- ============================================================

-- Users (password: 123456Qwe@ for all users: admin, staff01, viewer01)
-- Passwords hashed with bcrypt (cost 10)
INSERT INTO users (id, username, email, password_hash, full_name, role) VALUES
    ('a1000000-0000-0000-0000-000000000001', 'admin', 'admin@wms.com', '$2a$10$R6WrHx8EkI.4iTR9.w2ccul1BKap8Q2e48D.S78fcMb6OmYCtxbyy', 'Administrator', 'admin'),
    ('a1000000-0000-0000-0000-000000000002', 'staff01', 'staff01@wms.com', '$2a$10$R6WrHx8EkI.4iTR9.w2ccul1BKap8Q2e48D.S78fcMb6OmYCtxbyy', 'Warehouse Staff 01', 'staff'),
    ('a1000000-0000-0000-0000-000000000003', 'viewer01', 'viewer01@wms.com', '$2a$10$R6WrHx8EkI.4iTR9.w2ccul1BKap8Q2e48D.S78fcMb6OmYCtxbyy', 'Viewer 01', 'viewer');

-- Warehouses
INSERT INTO warehouses (id, code, name, type, location) VALUES
    ('b1000000-0000-0000-0000-000000000001', 'WH-MAT-01', 'Kho Nguyên Vật Liệu 01', 'material', 'Khu A - Nhà xưởng 1'),
    ('b1000000-0000-0000-0000-000000000002', 'WH-MAT-02', 'Kho Nguyên Vật Liệu 02', 'material', 'Khu A - Nhà xưởng 2'),
    ('b1000000-0000-0000-0000-000000000003', 'WH-FG-01', 'Kho Thành Phẩm 01', 'fg', 'Khu B - Nhà xưởng 1'),
    ('b1000000-0000-0000-0000-000000000004', 'WH-FG-02', 'Kho Thành Phẩm 02', 'fg', 'Khu B - Nhà xưởng 2');

-- Materials
INSERT INTO materials (id, code, name, unit, supplier, warehouse_id, warehouse_location, low_stock_threshold) VALUES
    ('c1000000-0000-0000-0000-000000000001', 'MAT-001', 'Vải Cotton 30/1', 'KG', 'Công ty Dệt Phong Phú', 'b1000000-0000-0000-0000-000000000001', 'A1-01', 100),
    ('c1000000-0000-0000-0000-000000000002', 'MAT-002', 'Vải Polyester 45S', 'KG', 'Công ty Dệt Việt Thắng', 'b1000000-0000-0000-0000-000000000001', 'A1-02', 150),
    ('c1000000-0000-0000-0000-000000000003', 'MAT-003', 'Chỉ May 40/2', 'Cuộn', 'Coats Phong Phú', 'b1000000-0000-0000-0000-000000000001', 'A2-01', 50),
    ('c1000000-0000-0000-0000-000000000004', 'MAT-004', 'Cúc Nhựa 15mm', 'Cái', 'Công ty Phụ Liệu Sài Gòn', 'b1000000-0000-0000-0000-000000000001', 'A2-02', 1000),
    ('c1000000-0000-0000-0000-000000000005', 'MAT-005', 'Dây kéo YKK 20cm', 'Cái', 'YKK Vietnam', 'b1000000-0000-0000-0000-000000000001', 'A3-01', 500),
    ('c1000000-0000-0000-0000-000000000006', 'MAT-006', 'Nhãn Dệt Size L', 'Cái', 'Công ty Nhãn Mác HN', 'b1000000-0000-0000-0000-000000000001', 'A3-02', 2000),
    ('c1000000-0000-0000-0000-000000000007', 'MAT-007', 'Vải Lót Lụa', 'M', 'Công ty Dệt Phong Phú', 'b1000000-0000-0000-0000-000000000002', 'B1-01', 80),
    ('c1000000-0000-0000-0000-000000000008', 'MAT-008', 'Mex Dính', 'M', 'Công ty Phụ Liệu Sài Gòn', 'b1000000-0000-0000-0000-000000000002', 'B1-02', 60),
    ('c1000000-0000-0000-0000-000000000009', 'MAT-009', 'Chỉ thêu 120D', 'Cuộn', 'Coats Phong Phú', 'b1000000-0000-0000-0000-000000000001', 'A2-03', 30),
    ('c1000000-0000-0000-0000-000000000010', 'MAT-010', 'Bao bì PE 40x60', 'Cái', 'Công ty Nhựa Rạng Đông', 'b1000000-0000-0000-0000-000000000002', 'B2-01', 500);

-- FG Products
INSERT INTO fg_products (id, code, name, customer, order_no, size, color, unit, warehouse_id, low_stock_threshold) VALUES
    ('d1000000-0000-0000-0000-000000000001', 'FG-001', 'Áo Thun Nam Cổ Tròn', 'H&M Vietnam', 'PO-2025-001', 'S', 'Trắng', 'PCS', 'b1000000-0000-0000-0000-000000000003', 50),
    ('d1000000-0000-0000-0000-000000000002', 'FG-001', 'Áo Thun Nam Cổ Tròn', 'H&M Vietnam', 'PO-2025-001', 'M', 'Trắng', 'PCS', 'b1000000-0000-0000-0000-000000000003', 50),
    ('d1000000-0000-0000-0000-000000000003', 'FG-001', 'Áo Thun Nam Cổ Tròn', 'H&M Vietnam', 'PO-2025-001', 'L', 'Trắng', 'PCS', 'b1000000-0000-0000-0000-000000000003', 50),
    ('d1000000-0000-0000-0000-000000000004', 'FG-002', 'Quần Short Nữ', 'Zara Vietnam', 'PO-2025-002', 'S', 'Đen', 'PCS', 'b1000000-0000-0000-0000-000000000003', 30),
    ('d1000000-0000-0000-0000-000000000005', 'FG-002', 'Quần Short Nữ', 'Zara Vietnam', 'PO-2025-002', 'M', 'Đen', 'PCS', 'b1000000-0000-0000-0000-000000000003', 30),
    ('d1000000-0000-0000-0000-000000000006', 'FG-003', 'Áo Khoác Gió', 'Decathlon', 'PO-2025-003', 'M', 'Xanh Navy', 'PCS', 'b1000000-0000-0000-0000-000000000004', 20),
    ('d1000000-0000-0000-0000-000000000007', 'FG-003', 'Áo Khoác Gió', 'Decathlon', 'PO-2025-003', 'L', 'Xanh Navy', 'PCS', 'b1000000-0000-0000-0000-000000000004', 20),
    ('d1000000-0000-0000-0000-000000000008', 'FG-003', 'Áo Khoác Gió', 'Decathlon', 'PO-2025-003', 'XL', 'Xanh Navy', 'PCS', 'b1000000-0000-0000-0000-000000000004', 20),
    ('d1000000-0000-0000-0000-000000000009', 'FG-004', 'Quần Tây Âu Nam', 'H&M Vietnam', 'PO-2025-004', '32', 'Xanh Đen', 'PCS', 'b1000000-0000-0000-0000-000000000004', 25),
    ('d1000000-0000-0000-0000-000000000010', 'FG-005', 'Váy Maxi Nữ', 'Zara Vietnam', 'PO-2025-005', 'Free', 'Hoa Nhí', 'PCS', 'b1000000-0000-0000-0000-000000000003', 15);

-- Inventory Transactions for Materials (confirmed)
INSERT INTO inventory_transactions (material_id, warehouse_id, transaction_type, quantity, unit, transaction_date, reference_no, supplier, status, created_by, confirmed_by, confirmed_at) VALUES
    ('c1000000-0000-0000-0000-000000000001', 'b1000000-0000-0000-0000-000000000001', 'in', 500, 'KG', '2025-01-05', 'PO-2025-0101', 'Công ty Dệt Phong Phú', 'confirmed', 'a1000000-0000-0000-0000-000000000002', 'a1000000-0000-0000-0000-000000000001', NOW()),
    ('c1000000-0000-0000-0000-000000000001', 'b1000000-0000-0000-0000-000000000001', 'in', 300, 'KG', '2025-01-15', 'PO-2025-0102', 'Công ty Dệt Phong Phú', 'confirmed', 'a1000000-0000-0000-0000-000000000002', 'a1000000-0000-0000-0000-000000000001', NOW()),
    ('c1000000-0000-0000-0000-000000000001', 'b1000000-0000-0000-0000-000000000001', 'out', 200, 'KG', '2025-01-20', 'OUT-2025-0101', NULL, 'confirmed', 'a1000000-0000-0000-0000-000000000002', 'a1000000-0000-0000-0000-000000000001', NOW()),
    ('c1000000-0000-0000-0000-000000000002', 'b1000000-0000-0000-0000-000000000001', 'in', 800, 'KG', '2025-01-08', 'PO-2025-0201', 'Công ty Dệt Việt Thắng', 'confirmed', 'a1000000-0000-0000-0000-000000000002', 'a1000000-0000-0000-0000-000000000001', NOW()),
    ('c1000000-0000-0000-0000-000000000002', 'b1000000-0000-0000-0000-000000000001', 'out', 350, 'KG', '2025-01-25', 'OUT-2025-0201', NULL, 'confirmed', 'a1000000-0000-0000-0000-000000000002', 'a1000000-0000-0000-0000-000000000001', NOW()),
    ('c1000000-0000-0000-0000-000000000003', 'b1000000-0000-0000-0000-000000000001', 'in', 200, 'Cuộn', '2025-01-10', 'PO-2025-0301', 'Coats Phong Phú', 'confirmed', 'a1000000-0000-0000-0000-000000000002', 'a1000000-0000-0000-0000-000000000001', NOW()),
    ('c1000000-0000-0000-0000-000000000004', 'b1000000-0000-0000-0000-000000000001', 'in', 5000, 'Cái', '2025-01-12', 'PO-2025-0401', 'Công ty Phụ Liệu Sài Gòn', 'confirmed', 'a1000000-0000-0000-0000-000000000002', 'a1000000-0000-0000-0000-000000000001', NOW()),
    ('c1000000-0000-0000-0000-000000000005', 'b1000000-0000-0000-0000-000000000001', 'in', 3000, 'Cái', '2025-01-14', 'PO-2025-0501', 'YKK Vietnam', 'confirmed', 'a1000000-0000-0000-0000-000000000002', 'a1000000-0000-0000-0000-000000000001', NOW());

-- Production Transactions (FG In)
INSERT INTO production_transactions (fg_product_id, warehouse_id, quantity, unit, transaction_date, production_order_no, status, created_by, confirmed_by, confirmed_at) VALUES
    ('d1000000-0000-0000-0000-000000000001', 'b1000000-0000-0000-0000-000000000003', 500, 'PCS', '2025-10-01', 'PRO-2025-001-S', 'confirmed', 'a1000000-0000-0000-0000-000000000002', 'a1000000-0000-0000-0000-000000000001', NOW()),
    ('d1000000-0000-0000-0000-000000000002', 'b1000000-0000-0000-0000-000000000003', 800, 'PCS', '2025-10-01', 'PRO-2025-001-M', 'confirmed', 'a1000000-0000-0000-0000-000000000002', 'a1000000-0000-0000-0000-000000000001', NOW()),
    ('d1000000-0000-0000-0000-000000000003', 'b1000000-0000-0000-0000-000000000003', 600, 'PCS', '2025-10-01', 'PRO-2025-001-L', 'confirmed', 'a1000000-0000-0000-0000-000000000002', 'a1000000-0000-0000-0000-000000000001', NOW()),
    ('d1000000-0000-0000-0000-000000000004', 'b1000000-0000-0000-0000-000000000003', 400, 'PCS', '2025-10-05', 'PRO-2025-002-S', 'confirmed', 'a1000000-0000-0000-0000-000000000002', 'a1000000-0000-0000-0000-000000000001', NOW()),
    ('d1000000-0000-0000-0000-000000000005', 'b1000000-0000-0000-0000-000000000003', 600, 'PCS', '2025-10-05', 'PRO-2025-002-M', 'confirmed', 'a1000000-0000-0000-0000-000000000002', 'a1000000-0000-0000-0000-000000000001', NOW()),
    ('d1000000-0000-0000-0000-000000000006', 'b1000000-0000-0000-0000-000000000004', 300, 'PCS', '2025-10-08', 'PRO-2025-003-M', 'confirmed', 'a1000000-0000-0000-0000-000000000002', 'a1000000-0000-0000-0000-000000000001', NOW()),
    ('d1000000-0000-0000-0000-000000000007', 'b1000000-0000-0000-0000-000000000004', 400, 'PCS', '2025-10-08', 'PRO-2025-003-L', 'confirmed', 'a1000000-0000-0000-0000-000000000002', 'a1000000-0000-0000-0000-000000000001', NOW()),
    ('d1000000-0000-0000-0000-000000000008', 'b1000000-0000-0000-0000-000000000004', 200, 'PCS', '2025-10-08', 'PRO-2025-003-XL', 'confirmed', 'a1000000-0000-0000-0000-000000000002', 'a1000000-0000-0000-0000-000000000001', NOW());

-- Shipment Transactions (FG Out)
INSERT INTO shipment_transactions (fg_product_id, warehouse_id, customer, quantity, unit, transaction_date, shipment_no, invoice_no, status, created_by, confirmed_by, confirmed_at) VALUES
    ('d1000000-0000-0000-0000-000000000001', 'b1000000-0000-0000-0000-000000000003', 'H&M Vietnam', 300, 'PCS', '2025-10-06', 'SHP-2025-001', 'INV-2025-001', 'confirmed', 'a1000000-0000-0000-0000-000000000002', 'a1000000-0000-0000-0000-000000000001', NOW()),
    ('d1000000-0000-0000-0000-000000000002', 'b1000000-0000-0000-0000-000000000003', 'H&M Vietnam', 500, 'PCS', '2025-10-06', 'SHP-2025-001', 'INV-2025-001', 'confirmed', 'a1000000-0000-0000-0000-000000000002', 'a1000000-0000-0000-0000-000000000001', NOW()),
    ('d1000000-0000-0000-0000-000000000003', 'b1000000-0000-0000-0000-000000000003', 'H&M Vietnam', 400, 'PCS', '2025-10-06', 'SHP-2025-001', 'INV-2025-001', 'confirmed', 'a1000000-0000-0000-0000-000000000002', 'a1000000-0000-0000-0000-000000000001', NOW()),
    ('d1000000-0000-0000-0000-000000000004', 'b1000000-0000-0000-0000-000000000003', 'Zara Vietnam', 200, 'PCS', '2025-10-10', 'SHP-2025-002', 'INV-2025-002', 'confirmed', 'a1000000-0000-0000-0000-000000000002', 'a1000000-0000-0000-0000-000000000001', NOW()),
    ('d1000000-0000-0000-0000-000000000006', 'b1000000-0000-0000-0000-000000000004', 'Decathlon', 150, 'PCS', '2025-10-12', 'SHP-2025-003', 'INV-2025-003', 'confirmed', 'a1000000-0000-0000-0000-000000000002', 'a1000000-0000-0000-0000-000000000001', NOW());

-- ============================================================
-- ADDITIONAL SEED DATA (Snapshots & more Transactions)
-- ============================================================

-- Initial Material Inventory Snapshots for January 2025
INSERT INTO material_inventory (material_id, period_date, opening_stock, total_in, total_out) VALUES
    ('c1000000-0000-0000-0000-000000000001', '2025-01-01', 0, 800, 200),
    ('c1000000-0000-0000-0000-000000000002', '2025-01-01', 0, 800, 350),
    ('c1000000-0000-0000-0000-000000000003', '2025-01-01', 0, 200, 0),
    ('c1000000-0000-0000-0000-000000000004', '2025-01-01', 0, 5000, 0),
    ('c1000000-0000-0000-0000-000000000005', '2025-01-01', 0, 3000, 0);

-- Initial FG Inventory Snapshots for October 2025
INSERT INTO fg_inventory (fg_product_id, period_date, opening_stock, production_in, shipment_out) VALUES
    ('d1000000-0000-0000-0000-000000000001', '2025-10-01', 0, 500, 300),
    ('d1000000-0000-0000-0000-000000000002', '2025-10-01', 0, 800, 500),
    ('d1000000-0000-0000-0000-000000000003', '2025-10-01', 0, 600, 400),
    ('d1000000-0000-0000-0000-000000000004', '2025-10-01', 0, 400, 200),
    ('d1000000-0000-0000-0000-000000000006', '2025-10-01', 0, 300, 150);

-- Audit Logs (Example actions)
INSERT INTO audit_logs (user_id, username, action, table_name, record_id, new_values) VALUES
    ('a1000000-0000-0000-0000-000000000001', 'admin', 'CREATE', 'users', 'a1000000-0000-0000-0000-000000000001', '{"full_name": "Administrator", "role": "admin"}'),
    ('a1000000-0000-0000-0000-000000000001', 'admin', 'CREATE', 'warehouses', 'b1000000-0000-0000-0000-000000000001', '{"name": "Kho Nguyên Vật Liệu 01"}');
